CountryName,CountryCode,1960,1961,1962,1963,1964,1965,1966,1967,1968,1969,1970,1971,1972,1973,1974,1975,1976,1977,1978,1979,1980,1981,1982,1983,1984,1985,1986,1987,1988,1989,1990,1991,1992,1993,1994,1995,1996,1997,1998,1999,2000,2001,2002,2003,2004,2005,2006,2007,2008,2009,2010,2011,2012,2013,2014,2015,2016,2017
Angola,AGO,,,,,,,,,,,,,,,,,,,,,,,,,,,2.800000008,7.900000004,5.599999981,0.400000019,-0.300000019,-1.199999989,-6.900000002,-24.69999999,3.499999989,10.40000002,11.19999997,7.90000001,6.804762116,3.239799671,3.012076171,4.220965147,-6.940461553,5.247494541,10.87957748,18.26145032,20.73512488,22.5930543,13.81714581,2.412869693,3.407654794,3.918596986,5.155440545,6.81358577,4.804472704,3.006980545,0,
Burundi,BDI,,-13.74613505,9.063157935,4.13540742,6.273037903,3.967225609,4.612992896,13.8215186,-0.297883673,-1.459541143,21.32567073,2.746828711,-6.403964923,6.889050718,-0.726839562,0.697920236,7.942660976,11.46945304,-0.940575989,1.66495495,0.991055725,12.16327557,-1.05359982,3.715326991,0.155544005,11.78318018,3.250180458,5.503096119,5.031024368,1.34950223,3.49982214,4.996836451,1.009998366,-6.239999999,-3.829999997,-7.920000001,-8.000000001,-1.589999997,4.749999992,-1.009999996,-0.856864059,2.055807109,4.446519419,-1.223727959,4.833657762,0.900000003,5.384657398,4.785831951,5.048118783,3.468425425,3.785902543,4.191625681,4.01936553,4.594054218,4.660918184,-3.904919355,-0.587220798,
Benin,BEN,,3.141280459,-3.426409823,4.730027975,6.650759119,5.293862834,3.575862733,1.078398666,3.842335636,2.877497976,2.097757578,-1.496841828,6.426367544,3.706165319,3.339312161,-4.895345445,0.884356333,4.983663725,1.255078032,6.535747409,6.781763872,9.954231167,2.235066345,-4.347822734,7.929839564,7.530324837,2.171141598,-1.500002949,3.405245295,-2.854160496,8.976134361,4.225799419,2.957710826,5.836172088,2.020400448,6.045198648,4.324284031,5.734688377,3.961012138,5.341449372,5.859992101,5.330410857,4.644470026,3.444044849,4.429629024,1.711577628,3.947013747,5.986515522,4.893393918,2.319226924,2.116850127,2.962750351,4.810283413,7.193096519,6.357520953,2.094457981,3.981287767,
Burkina Faso,BFA,,4.043927977,6.128798781,-1.268016373,2.282819223,3.764545381,0.537613083,8.823314975,3.070773938,2.026081041,0.117019611,1.413339882,2.311498741,0.449327405,8.286426482,2.99838289,8.53489497,0.370353558,4.607825005,3.664621512,0.796878872,4.255303394,9.562196623,0.34598474,-1.778696687,8.517364995,7.955362728,-0.236336794,5.795592965,2.150267276,-0.60292848,9.069984461,0.232710763,3.461384935,1.315007272,5.716373867,11.01474387,6.316834735,7.307719633,7.404178966,1.820241893,6.613399555,4.353004323,7.802439898,4.478474349,8.661861605,6.253158604,5.655005118,7.29449815,2.962014371,8.446325183,6.521769448,6.452674754,2.814663076,4.185944746,3.998022357,5.861690066,
Botswana,BWA,,6.343283719,6.666667814,5.921045096,6.832300927,5.813955063,6.344019093,5.924559943,10.5670565,15.12340471,17.12026767,25.82110722,26.36194095,21.30318409,8.797795217,8.446250376,10.64737671,12.01204009,14.33280159,12.14858892,11.98690138,9.064857465,12.16553186,13.14672905,8.54538364,7.125271269,8.172924333,11.88192814,19.44996951,13.05940589,6.772821949,7.458709112,2.917070307,1.916107142,3.627916021,7.030410261,5.829800078,8.026549026,0.721993155,9.667240742,1.987695854,0.250573867,6.069530868,4.625894792,2.705821737,4.556645657,8.363871069,8.276763758,6.245437398,-7.652310203,8.563631748,6.048316381,4.456167218,11.34342423,4.149252734,-1.699936086,2.9,
Central African Republic,CAF,,4.953553798,-3.713800184,-0.707010752,2.080324599,0.947578712,0.64478372,4.676613109,1.404113177,7.091542528,2.332880877,1.130202384,-0.000867175,1.888939956,6.339033612,0.404987104,5.432518987,3.806234914,1.209235419,-2.465137785,-4.478638848,-1.544465665,7.715783631,-8.126513593,9.481726653,3.927219538,3.577979254,-4.938987885,1.710165285,1.977270435,-2.147528066,-0.552543005,-6.424078199,0.335275685,4.89994941,7.200045558,-4.000092964,5.299936018,4.700142379,3.599974904,-2.48943244,4.464739026,3.616542192,-5.397485219,5.994884228,0.908210515,4.77108543,4.607534855,2.054130962,1.70923922,3.046634733,3.300719157,4.112797869,-36.69995244,1.040018047,4.799886081,4.531285963,
Cote d'Ivoire,CIV,,9.932555156,1.22699449,14.49035586,17.61308783,-3.109654273,11.57735969,4.598151785,12.54824864,9.539218771,10.37503184,9.456637661,4.236625012,5.939197536,4.327380857,8.252886369,12.91639744,7.314459155,10.90945365,2.394407464,-10.95769727,3.500498907,0.200822352,-3.900240442,-2.701261434,4.501223175,3.259348767,-0.348972909,1.136483964,2.948004945,-1.095908411,0.040925169,-0.244560612,-0.1924851,0.811206685,7.125744724,7.729327422,3.743553144,4.930679628,1.617527443,-2.068400057,0.121371915,-1.667642138,-1.359535943,1.23177284,1.721247367,1.515842364,1.765036784,2.542841476,3.251453719,2.017638592,-4.387254788,10.7065041,8.889421302,8.79407739,9.163380703,8.755110465,
Cameroon,CMR,,1.183680812,3.041559051,3.74255032,3.547159696,2.026053715,4.614955621,-10.91206559,6.346323856,4.901479523,3.092068236,3.479707817,2.673843292,5.355680778,10.73426226,11.24505877,-5.495138397,13.73987152,22.00300492,6.035118773,-1.965291669,17.08268225,7.516202606,6.866830566,7.474572543,8.063161672,6.77166308,-2.146650212,-7.823631975,-1.819120513,-6.105697646,-3.808599372,-3.100003211,-7.932066575,2.063402475,4.128370945,4.911939543,5.314158464,4.895359526,4.062278838,4.173581032,4.514271087,4.009044571,4.030993316,3.701854054,2.296852856,3.224002985,3.255664493,2.884046234,1.931850591,3.268648874,4.140591847,4.588738701,5.561688129,5.926964959,5.773247581,4.526098051,
"Congo, Dem. Rep.",COD,,-10.85137608,21.20069751,5.213990134,-2.440223564,0.997348794,6.775485302,-0.985738661,4.332698464,9.328837439,-0.245056575,6.005018067,0.151135514,8.137275887,3.130585879,-4.981631005,-5.309002081,0.760793602,-5.345291528,0.430088262,2.194912924,2.350524075,-0.457677609,1.411703688,5.541074022,0.467850951,4.717209653,2.675642451,0.470381337,-1.266050636,-6.568310695,-8.421051499,-10.50000856,-13.46905054,-3.899996803,0.69999883,-1.023172642,-5.617046599,-1.624154045,-4.270140831,-6.910927317,-2.100173025,2.947765184,5.577822311,6.738373933,6.135151155,5.320981058,6.259469847,6.225900286,2.855060107,7.078889424,6.864630026,7.157859628,8.503503317,9.509963565,6.88273,2.205299999,
"Congo, Rep.",COG,,8.350726724,5.202308789,-4.029300398,3.816796268,3.676467736,1.358982462,2.116272058,7.631326238,7.548525194,6.358470188,7.753035853,8.617550844,8.231188944,7.885520809,7.731596839,0.916286753,-8.953427981,6.35974701,9.813224739,17.63660548,17.61972247,23.59769996,5.85396284,6.976131056,-1.185660855,-6.861526437,0.189376641,1.766263429,2.599876517,1.000003567,2.395367454,2.611948052,-0.979683206,-5.493075745,3.985324378,4.290481556,-0.62481215,3.73755277,-2.582199357,7.575980392,3.8026019,4.581870061,0.813264075,3.476631623,7.755758978,6.235997013,-1.58222275,5.572264173,7.468878032,8.751655799,3.42062127,3.799995854,3.440705249,6.779940953,2.646447938,-1.86466295,
Comoros,COM,,,,,,,,,,,,,,,,,,,,,,3.864921144,6.383623377,4.821027935,4.110264251,2.280371874,1.867211764,1.637991097,2.687518788,-3.180675367,5.091392685,-5.395598907,8.530923433,3.005937478,-5.276682038,3.610129478,-1.291668436,4.030340669,1.282662475,1.924123666,10.84807495,2.332936494,2.324779259,2.104101953,1.919602379,2.837407764,2.646899868,0.800152799,0.400266855,1.949999978,2.199999982,2.600000088,2.999999972,3.499999994,2.061639469,1.015118459,2.2,
Cabo Verde,CPV,,,,,,,,,,,,,,,,,,,,,,8.451562412,2.825030083,9.520749753,3.783270681,8.642086617,2.871455425,4.309063729,5.996854915,5.697949367,0.692171874,1.404146852,10.93764724,8.708311376,19.18264182,14.21163626,11.34652473,11.11842604,12.51728567,11.22264853,14.28486883,2.231654493,5.250891246,4.176259302,10.19707261,6.912457988,7.983750447,15.170688,6.65052049,-1.270425968,1.466790097,3.968886345,1.081918312,0.802797545,0.611212683,1.066046146,3.91877627,
Djibouti,DJI,,,,,,,,,,,,,,,,,,,,,,,,,,,,,,,,-4.27761666,-0.017966978,-6.620881242,-0.937342557,-3.488261164,-4.115498865,-0.745872137,0.099378566,2.179006178,0.416213954,2.047764413,2.61856229,3.199959365,3.8264761,3.169601169,4.799864683,5.100061387,5.799962619,5.032627058,3.486917489,4.467514526,4.842379573,4.999907255,6.000194324,6.500508308,,
Eritrea,ERI,,,,,,,,,,,,,,,,,,,,,,,,,,,,,,,,,,13.45476252,21.22141136,2.858379037,9.258838371,7.908684909,1.772582792,0.013480241,-3.141985774,8.75543519,3.005429218,-2.655515842,1.451735534,2.57444953,-0.969216929,1.42682206,-9.783030037,3.87650156,2.194190545,8.679799936,,,,,,
Ethiopia,ETH,,,,,,,,,,,,,,,,,,,,,,,0.916013858,8.235005718,-2.848021453,-11.14435298,9.661612359,13.8593304,0.503674879,-0.36104418,2.726451783,-7.137479708,-8.672480128,13.14283396,3.18996457,6.127511412,12.42617378,3.133906867,-3.458139148,5.162145824,6.073217492,8.301306322,1.514725693,-2.161359721,13.57260315,11.81876594,10.83472707,11.456167,10.78852168,8.802553202,12.55053834,11.17829624,8.647811635,10.58227004,10.25749296,10.39246302,7.56176669,
Gabon,GAB,,14.76684319,7.449211597,6.092435284,4.554453634,8.33333566,4.508004567,4.115152854,2.508800881,8.082910434,8.679342176,10.25873091,11.33697068,10.18243362,39.48709518,19.19011491,35.62533797,-12.58209117,-24.04920607,0.47440528,2.552937158,5.095329279,-3.097520398,5.608240679,7.508902308,-2.332949333,-0.803597734,-17.14604221,12.84535325,8.54530999,5.192237277,6.112503483,-3.090145652,3.946555008,3.712754841,4.973847763,3.62504902,5.738367395,3.477833587,-8.932622802,-1.882966398,2.135233422,-0.249033169,2.247330012,0.689543058,3.900705466,-3.634637434,5.658952383,-3.308430649,0.13033112,7.089887315,7.091753343,5.251076918,5.63841405,4.314877125,3.879257595,2.26199324,
Ghana,GHA,,3.429674012,4.109158606,4.405974201,2.209327505,1.36899887,-4.258290372,3.075364052,0.368860329,6.006174964,9.723472587,5.216124557,-2.4876554,2.884584195,6.852516832,-12.43162902,-3.530182806,2.274107244,8.475935599,-2.514941418,0.471695943,-3.503066947,-6.92365041,-4.563737506,8.647569458,5.091617273,5.199160679,4.794898878,5.628168765,5.0858727,3.328817883,5.28182629,3.879419253,4.850000564,3.299999591,4.11241904,4.602461045,4.196357576,4.700390779,4.39999686,3.700000115,4,4.499999699,5.199999984,5.59999999,5.900003953,6.399912419,4.346819153,9.149799094,4.845756132,7.899740293,14.04600263,9.292511869,7.312525021,3.985865624,3.915895644,3.576648193,
Guinea,GIN,,,,,,,,,,,,,,,,,,,,,,,,,,,,3.299938845,6.308116697,4.003476013,4.324062754,2.613423005,3.2709473,5.044144542,3.970099106,4.607673202,4.461575085,5.181603459,3.644121242,3.812004035,2.503060561,3.658346471,5.164609466,1.24860126,2.340117313,2.997272561,2.496728569,1.757682351,4.936932709,-0.280192286,1.936217423,3.90876145,3.944111989,2.299999238,0.399998601,0.099994528,5.199999192,
"Gambia, The",GMB,,,,,,,,0,9.576143464,2.435522882,6.153846574,-0.065877033,0.24170478,9.250329251,5.878793617,12.39342908,7.351225734,3.439576058,6.316446315,-1.328183166,6.270079608,3.32189401,-0.764582639,10.88322777,3.535257305,-0.812264661,4.091070738,2.454332596,4.476826924,5.895721872,3.558879369,3.107039256,3.378688939,3.012101064,0.154346248,0.881848176,2.223545592,4.899999092,3.499998513,6.399999316,5.500000174,5.800000236,-3.250000307,6.869999803,7.049999934,-0.941675912,1.124099702,3.631025533,5.734641946,6.449695858,6.524632607,-4.328668868,5.862230311,4.780907872,0.877460638,4.715879134,1.625629141,
Guinea-Bissau,GNB,,,,,,,,,,,,-3.910967458,6.374860894,1.10989279,4.559241048,7.84558432,4.943455305,-7.170069971,13.12604338,1.994144363,-15.9526515,18.16752815,4.200082135,-3.398287429,9.109222986,4.166492897,-0.793847626,2.900000007,4.599999988,6.100000021,6.099999986,5.100000023,1.099999971,2.1,3.20000002,4.400000008,11.6,6.5,-28.09997973,1.025537409,5.426987367,2.188906815,-0.985177525,0.568510176,2.76140199,4.265425195,2.309750124,3.205047637,3.207377203,3.311677665,4.431841531,9.334144235,-1.79798851,0.820272407,2.541075109,4.796779821,5.57374806,
Kenya,KEN,,-7.774634904,9.457358742,8.778340216,4.964467288,2.009094171,14.7285664,3.361232032,7.98268997,7.959224456,-4.655446914,22.17389193,17.08242935,5.896580215,4.065617347,0.882203178,2.153964497,9.453797849,6.912493547,7.615226042,5.591976207,3.773544197,1.506478254,1.309050242,1.755216977,4.30056182,7.177555391,5.937107446,6.20318382,4.690348768,4.192050974,1.438346791,-0.79949396,0.353197256,2.632784519,4.406216526,4.146839267,0.47490192,3.290213723,2.305388596,0.599695392,3.779906496,0.54685953,2.932475546,5.104299776,5.906666082,6.472494299,6.850729771,0.232282746,3.306939815,8.402277064,6.11161346,4.563200169,5.879763868,5.351839858,5.713382918,5.848665359,
Liberia,LBR,,2.439985421,1.344606077,2.274460637,5.151961324,4.793786277,7.702655981,6.745790859,4.768871689,7.28847301,6.663192709,4.90483027,4.140495641,-2.255975198,4.753200336,-3.468589489,5.310734074,1.587984567,4.816220628,3.26481969,-4.09836407,-2.136750115,-2.432937247,-1.896852815,-2.1073157,-0.843318159,-1.6785981,-1.001600753,-2.041898168,-26.66844934,-51.03086495,-14.22521176,-35.08568109,-32.9753915,-21.7623498,-4.266211604,12.12121212,106.2798092,30.20813102,21.74144788,28.61593335,2.918717298,3.762764999,-30.14522252,2.620605256,5.28197573,8.043162022,9.534892858,7.146939285,5.300099075,6.099944692,8.199998146,7.99445127,8.703875016,0.701141636,0,-1.6,
Lesotho,LSO,,1.864795166,15.33181432,10.61506999,8.251118125,2.154105569,-0.40552139,10.91206152,-0.367120041,1.547536693,2.177071167,5.113717712,-0.202708346,26.40488106,10.98008895,-13.51349756,11.04912916,21.80903496,18.31687489,2.893918778,-2.74477924,0.694638145,4.457204299,1.986164412,5.534898367,2.610249028,4.684855816,0.729728182,8.601919868,5.795243867,6.045474226,6.966606861,6.95636505,3.509765768,5.979873933,3.290938384,5.597035289,3.703603972,1.537655806,0.476025115,3.875546611,3.56158231,0.723835765,4.559776789,1.692373902,3.466122778,4.230095022,4.809216463,6.659353143,2.151284968,6.53630855,6.630322312,5.901091561,2.152564147,2.277474893,5.613827027,2.5,
Madagascar,MDG,,2.048632751,2.271069702,-0.929401624,3.962518848,-0.452253864,2.064552407,5.52856561,6.828786099,3.721222168,5.276455575,3.929365032,-1.272621531,-2.61847833,2.006879379,1.258691634,-3.068858391,2.364000359,-2.661805965,9.85465029,0.805770818,-9.698788375,-1.810194161,0.902106319,1.704678841,1.155877164,1.959105768,1.178085519,3.40341701,4.078892777,3.130029428,-6.309534393,1.186152287,2.096559819,-0.071608256,1.712213176,2.148915048,3.693492606,3.932336443,4.6591157,4.760065099,6.017824403,-12.67378814,9.784892131,5.257003604,4.602899965,5.022607002,6.240578451,7.128513539,-4.013860583,0.263110856,1.454392168,3.027508092,2.25520404,3.315854149,3.054156022,4.2,
Mali,MLI,,,,,,,,,3.708410196,0.23099942,6.136954863,2.568996024,5.844016431,-1.455115802,-1.528826102,11.62504914,13.62343853,6.348647194,-1.463476332,10.39567721,-4.325839869,1.508804297,-7.378433046,1.820873772,-0.287011156,20.28663494,2.692620881,-0.139164289,7.389721044,4.177388109,-2.502395103,11.74520379,-3.21866249,3.172168177,3.779934051,0.921022398,7.055785404,4.829024339,7.57166764,5.700943654,-0.060834972,15.37623946,3.106308252,9.119041995,1.559998661,6.534762657,4.66218688,3.493616811,4.773382727,4.6790657,5.413452222,3.240252913,-0.836178866,2.303584809,7.043356204,5.962581591,5.349464532,
Mozambique,MOZ,,,,,,,,,,,,,,,,,,,,,,5.000002949,-6.899999439,-15.70000204,-6.49999988,0.999996721,-2.299996026,14.70000042,8.199995179,6.500004552,0.999992833,4.899999139,-5.23133059,8.767141824,6.158862481,2.237310045,26.84532191,10.84203164,11.85939398,7.822974027,1.678502985,12.72096582,8.794057581,6.500606668,7.811186108,8.720667877,9.851055465,7.426060991,6.876205447,6.351461683,6.687731849,7.117606632,7.198185826,7.1416833,7.443837429,6.593900796,3.849035869,
Mauritania,MRT,,15.52991332,0.726608377,-1.983767575,27.69088635,16.1383305,0.230961965,3.567132897,10.19644263,1.248532088,11.98593115,1.842886437,-0.732907868,-4.584756933,12.16261106,-5.134374447,8.54610493,-1.878593683,-0.504713832,4.790039837,3.37121022,3.45028842,-2.339924122,3.735342026,-3.226864452,2.994760505,5.713579354,1.900384152,1.720397976,4.777585421,-1.771304534,1.788087116,1.874125895,5.873637251,-3.0607321,9.81980046,5.818826602,-4.044696622,2.77780492,7.712825411,-0.430406256,2.008796925,0.665004156,5.978253348,5.74742354,8.969422318,18.86909934,2.817836772,1.079967167,-1.042081704,4.773697175,4.704066531,5.795078172,6.090258732,5.579543854,1.4,2,
Mauritius,MUS,,,,,,,,,,,,,,,,,,6.547619053,3.830806085,3.516525747,-10.0612585,5.882352901,5.497075927,0.383795311,4.698385727,6.954475462,9.742033321,8.891039826,6.791346749,4.46514861,7.186736771,4.435446229,6.512698604,5.082062936,4.136142909,4.28773666,5.587843841,5.687477445,6.070628116,2.610779527,9.026614099,2.573570288,2.11331329,3.656856398,5.745767527,1.241387538,8.53825562,5.727016147,5.386962559,3.315076989,4.377203239,4.077538074,3.496118338,3.360406103,3.744574431,3.468664134,3.7,
Malawi,MWI,,7.639597855,0.668364743,-1.391078517,2.661103268,13.61649342,13.24903632,7.281549943,-1.923079168,5.882359893,0.479297978,16.21856363,6.231349008,2.300661571,7.175963618,6.08682381,4.997731243,4.918031369,9.745068027,4.39615374,0.406746413,-5.290119219,2.503453814,3.718709051,5.360304094,4.570982302,-0.214802518,1.625239182,3.177291278,1.344689707,5.692294494,8.730231829,-7.332978135,9.691840268,-10.24018173,16.72881759,7.316681511,3.792419099,3.89525363,3.042278091,1.576077837,-4.974963846,1.700000014,5.705639437,5.420497694,3.268725828,4.699999992,9.600000003,7.639736774,8.328110276,6.874065635,4.854055109,1.885799507,5.199999998,5.700000004,2.799999999,2.500000002,
Namibia,NAM,,,,,,,,,,,,,,,,,,,,,,0.971449866,-0.398090837,-1.82345055,-0.236891479,0.464171329,4.767269788,3.553768941,0.813148866,1.858675131,2.047459978,8.165612481,7.189342559,-1.579539135,1.729879442,3.89901419,3.19132423,4.220100264,3.291585556,3.369278594,3.492183222,1.177948858,4.788661308,4.239794315,12.26954803,2.529262603,7.073175362,6.617094453,2.649811967,0.295971028,6.03924941,5.091338198,5.061682013,5.654360807,6.458809615,5.295222348,1.2,
Niger,NER,,4.546393037,10.27871349,9.428229321,0.13103989,6.919761819,-0.382497198,0.12286867,0.383494662,-5.485945812,3.055778922,5.679320644,-5.166272306,-17.04758357,8.77523805,-2.793193436,0.678203402,7.764581119,13.47261233,7.146996066,-2.232444691,0.608915239,1.6231022,-4.750943229,-16.825355,7.722543884,6.360026805,0.074556245,6.899121716,0.933929138,-1.284355381,2.504203274,-6.516444601,1.449437876,4.004561704,2.605755854,3.419093099,2.753965624,10.42226252,-0.568758332,-1.40950935,7.104340612,2.999122036,5.299999998,0.100000001,4.499999999,5.800000002,3.146570396,9.587673209,-0.712671174,8.369239798,2.31140022,11.81366328,5.268378734,7.049797948,3.605301605,4.999991929,
Nigeria,NGA,,0.191795489,4.102992589,8.57861892,4.950488659,4.884976838,-4.250514188,-15.74362821,-1.248360246,24.19738395,25.00724193,14.23753156,3.36426203,5.392760484,11.16067455,-5.227747559,9.04235173,6.024117846,-5.764158392,6.759430935,4.204831047,-13.12788049,-1.05318606,-5.050451109,-2.021537569,8.3228297,-8.754176979,-10.75170014,7.542522025,6.467191144,12.76600917,-0.617850589,0.433725357,2.090377801,0.909763335,-0.307468969,4.993705537,2.802256439,2.715640179,0.474237575,5.318093381,4.411065196,3.784648183,10.35418456,33.73577503,3.444666813,8.210964859,6.828398348,6.270263697,6.934416004,7.839739477,4.887386611,4.279277314,5.394416311,6.309718253,2.652693623,-1.541056556,
Rwanda,RWA,,-4.297526048,11.33379837,-9.820444414,-12.46499268,7.009529255,7.008910823,6.91601751,7.013780928,11.00737015,6.001425245,1.206640702,0.263068272,3.438088136,1.409823571,-2.113825423,19.50457717,1.99410948,9.150840818,11.86990804,8.951612331,5.43619948,1.810846446,5.980349936,-4.240773281,4.402748336,5.472137486,-0.024036108,4.498824993,-0.036534274,-2.399291097,-2.514379654,5.872725234,-8.108691874,-50.2480671,35.22407831,12.74569576,13.84975249,8.858669496,4.270152934,8.357348703,8.510638298,13.18627451,2.208748376,7.415254237,9.388560158,9.231878832,7.692307692,11.15879828,6.287920574,7.291126103,7.787182588,8.840026924,4.700061843,7.619610159,8.873033297,5.931776172,
Senegal,SEN,,2.993448255,-0.136235361,1.864478568,3.883927104,1.33218949,2.876760975,-1.219792865,6.290773533,-6.554142921,8.562045511,-0.140449439,6.383208916,-5.583240108,4.200775526,7.535662599,8.920503704,-2.682905305,-3.953931262,7.001685615,-3.310647744,5.069516461,7.843064607,-5.326392715,3.745764356,3.283470706,3.113339717,6.094374588,-0.592431006,3.977856086,-0.675638146,2.555825428,1.242647235,1.30078041,-0.017328654,5.363472885,2.012125088,3.124033319,5.898672516,6.359843002,3.186639102,4.580916419,0.654803692,6.683228134,5.870772214,5.622606857,2.461570253,4.938485083,3.682524403,2.423175917,4.179363063,1.761118048,4.411180285,3.485217346,4.311051022,6.485194754,6.649527991,
Sierra Leone,SLE,,1.80904355,4.540967064,1.699715173,6.685238791,7.180155792,1.699999998,0.036281553,2.019923833,8.525446802,8.62049324,3.465916492,0.90023465,2.25661825,3.49982832,1.669216524,-0.449176342,0.04667581,2.406332166,4.511265607,4.843503756,2.881428565,4.781755535,-2.102801617,4.093034267,-5.311340498,1.236046911,7.231268731,-7.08,0.729999999,3.349997984,2.351960645,-19.01290963,1.374549379,-1.947384335,-7.999753286,1.753821399,-5.877082015,1.785014281,-1.979285588,6.652727885,-7.140319715,26.26857661,9.382384967,6.417536687,4.332484395,5.525833107,8.058321564,5.399676742,4.649512913,5.365143206,4.810186455,15.18176908,20.71576829,4.556772366,-20.49084799,6.067013514,
Somalia,SOM,,-3.261981202,7.076655434,2.80880257,-6.11062333,-5.943681493,9.098654708,5.940943617,2.029977325,-1.699569717,4.581407921,2.62902234,10.10084605,-1.951298478,-18.26637874,30.07369858,-1.016716701,23.30749051,3.727489087,-2.708465849,-3.901390044,5.662699661,4.072294578,-8.753669275,3.554946149,8.152436714,3.352755039,5.096904487,-0.553269928,-0.175911818,-1.484075684,,,,,,,,,,,,,,,,,,,,,,,,,,,
South Sudan,SSD,,,,,,,,,,,,,,,,,,,,,,,,,,,,,,,,,,,,,,,,,,,,,,,,,,5.04164188,5.493416395,-4.640316736,-46.08212237,13.12973114,3.373648477,-6.349777952,,
Sub-Saharan Africa,SSF,,1.501018,5.851130389,6.312727891,5.406963074,4.985947506,1.618862331,-0.361445154,3.050114677,8.936478285,9.859337432,7.447773919,2.662440454,4.346923416,7.88808157,-0.039928824,5.276798341,2.359969531,-0.248018288,4.035194137,4.003311943,-0.142243998,0.230879812,-1.462819084,2.135777029,2.22044239,-0.420028297,0.066311702,4.425600909,3.280954085,2.414755083,0.060024001,-1.416163703,-0.039484031,1.919399247,3.230363564,5.265745066,3.649987136,2.501176053,2.17535998,3.608263868,3.946066426,2.963042765,4.872326789,11.65289761,5.56418335,7.059808553,7.083952947,5.38898074,2.867564947,5.430484856,4.360793423,3.755952338,4.819961644,4.631466405,3.030848757,1.243943882,
Swaziland,SWZ,,,,,,,,,,,,13.74363391,5.424294989,9.018671948,5.743487091,13.90844535,-2.119437471,1.009592022,1.327128848,3.106945757,12.44905187,14.6414405,1.172568485,1.202354243,6.161755479,3.792415508,12.26447829,14.60658995,6.569821649,12.91110386,21.01800049,1.760376454,3.226207004,3.106114082,2.400691123,4.825651384,3.842053869,3.102805391,2.604039376,2.950875074,1.760173966,1.054764931,4.38009899,3.880213616,3.623914301,5.998776347,5.992166754,4.435375791,0.821663887,1.565048937,3.793754698,2.247230019,4.735783817,6.857077142,4.246115263,1.464046363,-2.218886479,
Chad,TCD,,1.397743671,5.360116109,-1.599454015,-2.510939603,0.606227786,-1.807092392,0.767201382,-0.457218867,6.881310224,1.859656479,-2.247626372,1.149616095,-8.380883008,4.961852583,9.010267306,2.98076527,2.234624849,-0.469634188,-21.44108769,-6.047670747,1.042918103,5.346608999,15.67871778,2.048898911,21.79277353,-4.081667517,-2.388808497,15.48235907,4.884735103,-4.178472373,8.535137166,8.001443346,-15.70983705,10.13688763,1.236549317,2.214473035,5.653392328,6.951579914,-0.682850217,-0.879681025,11.65813465,8.491209819,14.72166701,33.62937185,17.33253374,0.648262014,3.271499579,3.052691532,4.217695552,13.55010086,0.082869798,8.882576072,5.700001363,6.899985045,1.799999521,-7,
Togo,TGO,,12.16931737,3.773652832,4.999694271,14.28601126,15.45971271,9.408719101,5.500371557,5.023691853,10.83086834,2.524302645,0,7.625157551,3.837484001,4.832849119,2.440541185,-2.05152259,6.95908537,11.04543451,-5.167742641,14.57695611,-3.315186078,-3.582402546,-5.414007787,5.555555042,5.555552169,1.586504312,0.51016218,6.642369772,4.060021684,-0.243656136,-0.699967488,-3.980686821,-15.09582748,14.98241435,7.845832317,8.836211629,14.37737758,-2.299876566,2.481751426,-0.783479606,-1.626806272,-0.922151022,4.954397666,2.119065316,1.180406956,4.052412542,2.290453889,2.225480232,3.510296675,3.99567877,4.883763946,4.820343516,3.967792633,5.871726319,5.365887582,4.932240077,
Sub-Saharan Africa (IDA & IBRD countries),TSS,,1.501018,5.851130389,6.312727891,5.406963074,4.985947506,1.618862331,-0.361445154,3.050114677,8.936478285,9.859337432,7.447773919,2.662440454,4.346923416,7.88808157,-0.039928824,5.276798341,2.359969531,-0.248018288,4.035194137,4.003311943,-0.142243998,0.230879812,-1.462819084,2.135777029,2.22044239,-0.420028297,0.066311702,4.425600909,3.280954085,2.414755083,0.060024001,-1.416163703,-0.039484031,1.919399247,3.230363564,5.265745066,3.649987136,2.501176053,2.17535998,3.608263868,3.946066426,2.963042765,4.872326789,11.65289761,5.56418335,7.059808553,7.083952947,5.38898074,2.867564947,5.430484856,4.360793423,3.755952338,4.819961644,4.631466405,3.030848757,1.243943882,
Tanzania,TZA,,,,,,,,,,,,,,,,,,,,,,,,,,,,,,3.764443407,7.045071644,2.071988211,0.584322134,1.205800809,1.567661766,3.569911868,4.544366802,3.525278191,3.708511596,4.840382325,4.933846627,5.997828858,7.163553536,6.886226532,7.828298381,8.173335834,4.660570995,8.464381242,5.566595648,5.382346168,6.358886081,7.904507572,5.141013621,7.26306003,6.965133317,6.959374422,6.957743111,
Uganda,UGA,,,,,,,,,,,,,,,,,,,,,,,,5.744557709,-0.344676681,-3.306380003,0.390086946,3.961902787,8.267073544,6.361941247,6.474140151,5.554095496,3.418356892,8.32629252,6.403635743,11.52324381,9.072114582,5.100001864,4.905265484,8.053948377,3.141907338,5.183661126,8.732685764,6.473258671,6.807233344,6.332565116,10.78474439,8.412425966,8.708751901,6.736995437,5.664369913,9.438932596,3.85329199,3.57422022,5.246819027,4.993405192,4.647519059,
South Africa,ZAF,,3.844751462,6.177883095,7.373612785,7.939781669,6.122760827,4.438308267,7.196575941,4.153444814,4.715830609,5.248674135,4.278970429,1.654762041,4.571997811,6.111054461,1.695448177,2.249904054,-0.094037534,3.014548966,3.790503812,6.620585081,5.360737419,-0.383390769,-1.846544477,5.09911491,-1.211483719,0.017834778,2.100735221,4.200132549,2.394784159,-0.317785676,-1.018281146,-2.136996308,1.233519912,3.234142952,3.11563361,4.306727868,2.646829095,0.517360382,2.358107754,4.154544583,2.735495291,3.667796877,2.949078146,4.554569921,5.277111735,5.603664789,5.36046514,3.191051645,-1.538100864,3.039777063,3.284197135,2.213258978,2.489283287,1.699597618,1.298851191,0.279357422,
Zambia,ZMB,,1.361381991,-2.490839475,3.272392893,12.21404802,16.64745596,-5.570309809,7.919696512,1.248329982,-0.436915823,4.797112903,-0.086039551,9.208865142,-0.962048756,6.428158549,-2.269328924,6.220975267,-4.564236174,0.553763844,-3.023931031,3.035622351,6.167957407,-2.812782629,-1.966689298,-0.336834899,1.615310368,0.723893956,2.675661713,6.280749009,-1.023501789,-0.481072028,-0.036133384,-1.730922174,6.797274049,-8.625441952,2.897668893,6.218546489,3.814007497,-0.385746146,4.650189746,3.897322943,5.316868274,4.50601428,6.944973982,7.032395115,7.235599007,7.903694445,8.352436244,7.773895815,9.220348406,10.29820585,5.564624717,7.597616969,5.059376378,4.695826373,2.91988111,3.3,
Zimbabwe,ZWE,,6.316157269,1.434470887,6.244344507,-1.106171859,4.910570587,1.523130026,8.36700893,1.97013497,12.42823583,22.56515084,8.917586642,8.329774728,2.604714697,6.625153618,-1.931223239,0.464838906,-6.860703193,-2.706922485,3.297035399,14.4206839,12.52542486,2.634297144,1.585305459,-1.907360107,6.944387766,2.099029129,1.150737205,7.552374508,5.199766444,6.988552933,5.531782072,-9.015569821,1.051458509,9.235198742,0.158025752,10.36069674,2.680594174,2.885211917,-0.817820899,-3.059189626,1.439615074,-8.894023417,-16.99507453,-5.807538303,-5.711083833,-3.46149505,-3.653327043,-17.6689466,8.709225274,15.44687248,16.33246722,13.60917016,5.270354548,2.765270701,1.42393339,0.693918397,